guest_no,guest_id,name,message,,,
1,a7Kx92LmQ4,To　A,"今日は私たちの結婚式に来てくれて本当にありがとう！

大学時代からいろんな思い出があるけど、これからも変わらずよろしくねテストテストテスト終わったらちゃんを見ていただきたくなりましたありがとう？テスト期間限定ですので是非是非是非来てくださいなんて言って見れば見るほどと思うんだけど？
止まらない悲しい友の声は何を憂う明日今日よりも好きになれる。Mr.Childrenメリーゴーランドラジオ


また近いうちにゆっくりご飯行こうね。これからも夫婦ともどもよろしくお願いします！",,,
2,B3nV8pR6Yt,Bさん,あらああああああああああああああ,,,
3,B5tN8zR2Lp,,,,,
4,B7tN3zR9Lp,,,,,
5,b9Tn4KxR6J,,,,,
6,C2pY6wN8Mq,,,,,
7,C5pT7xM2zQ,,,,,
8,c6Wn9RbL2H,,,,,
9,C9pY2wN5Mq,,,,,
10,D3pL6YtN8Q,,,,,
11,D5qJ9pL3Yw,,,,,
12,D9pL4Yt7NQ,,,,,
13,F4zP8mQ3Vx,,,,,
14,F5zR6mQ3Yx,,,,,
15,F8zR2mQ7Yx,,,,,
16,G3mT6Qz8Lp,,,,,
17,G6mT2Qz5Lp,,,,,
18,G8rX2mQ6zL,,,,,
19,H2nM9tQ6Xr,,,,,
20,h3Kq7LxV5M,,,,,
21,H5nM8tQ2Xr,,,,,
22,h8Fq3JvM6s,,,,,
23,h8Kq2LxV7M,,,,,
24,H9mX4tQ2Wc,,,,,
25,hiaHiggo23,,,,,
26,ihg9L3nt8q,,,,,
27,J2qY6sX4Pm,,,,,
28,J3mF9Vn6Zp,,,,,
29,j4Zt6NwR9C,,,,,
30,J7mF4Vn2Zp,,,,,
31,k3Wc9Yv7Nq,,,,,
32,K4sQ7mX3Cj,,,,,
33,k4Wn9PjT3V,,,,,
34,K8sQ2mX7Cj,,,,,
35,k8Wc2Yv5Nq,,,,,
36,K9rW4cT7Lp,,,,,
37,L2vX7pW5Mq,,,,,
38,L6vX3pW8Mq,,,,,
39,L7vT4pX8mQ,,,,,
40,Log28nps8g,,,,,
41,M4vF7sQp9B,,,,,
42,m5Xc8Kq2Vw,,,,,
43,m7Xc4Kq9Vw,,,,,
44,mT6cY1WsK9,,,,,
45,n3Yk8FzQ6A,,,,,
46,n4Vb9TzL5P,,,,,
47,N4xR7sL9Fm,,,,,
48,N6cY2sR8xM,,,,,
49,N8xR4sL2Fm,,,,,
50,n9Vb5TzL2P,,,,,
51,p2Fv9N x7Rk,,,,,
52,P3mZ9wN6Rf,,,,,
53,p5Nf7VtC9K,,,,,
54,P6mZ2wN9Rf,,,,,
55,p8Fv3Nx9Rk,,,,,
56,P8vQ3sKx7M,,,,,
57,P9mZ4wN7Rf,,,,,
58,Pkg48ngiah,,,,,
59,Q2nM7rY5Lp,,,,,
60,Q4zN7rXp2L,,,,,
61,q5Pz3Kc8Vw,,,,,
62,q6Pz7Kc3Vw,,,,,
63,q7Lz5FvK3P,,,,,
64,Q7nM5rY8Lp,,,,,
65,Q9nM4rY2Lp,,,,,
66,R4cY6pT9Wn,,,,,
67,r6Xy3LkW8N,,,,,
68,R8cY4pT2Wn,,,,,
69,R9kD2wXa7P,,,,,
70,s2Hn6VxM8Q,,,,,
71,s4Cw9FzK2N,,,,,
72,s6Cw3FzK8N,,,,,
73,s9Cw3FzK6N,,,,,
74,t5Nq9CkL3W,,,,,
75,t8Nq2CkL7W,,,,,
76,t9Nw5CkL7R,,,,,
77,u2Fv8QkM5X,,,,,
78,u5Lz8CqN3V,,,,,
79,u9Fv3QkM6X,,,,,
80,v3Rk8NqL6Y,,,,,
81,V7pL2mXq5D,,,,,
82,v7Rk4FzL8C,,,,,
83,v9Rk3FzL7C,,,,,
84,w3Kx8TqR6V,,,,,
85,w7Kx4TqR5V,,,,,
86,w8Kf3VnR9L,,,,,
87,X2mG7tYp4K,,,,,
88,x2Vb6TqC9J,,,,,
89,x4Vk8TqC3J,,,,,
90,x7Vb5TqC8J,,,,,
91,x8Ck2RzN6T,,,,,
92,Y2rC7wKq6M,,,,,
93,Y3wQ8sLm2F,,,,,
94,y4Pj6KcN9T,,,,,
95,Y6rC8wKq4M,,,,,
96,y6Rj2KcN9W,,,,,
97,y9Pj4KcN2T,,,,,
98,z3Wn6FvR8K,,,,,
99,Z7mP2cVq5H,,,,,
100,z8Wn2FvR5K,,,,,
